periode_data,kota_administrasi,kecamatan,kelurahan,rw,jumlah_terdampak_rw,jumlah_terdampak_rt,jumlah_terdampak_kk,jumlah_terdampak_jiwa,ketinggian_air,tanggal_kejadian,lama_genangan,jumlah_meninggal,jumlah_hilang,jumlah_luka_berat,jumlah_luka_ringan,jumlah_pengungsi_tertinggi,jumlah_tempat_pengungsian,nilai_kerugian
201810,JAKARTA PUSAT,KEC. SAWAH BESAR,KEL. GUNUNG SAHARI UTARA,1,1,3,0,0,10 S/D 40 CM,TGL. 29,0,0,0,0,0,0,0,0
201810,JAKARTA BARAT,KEC. CENGKARENG,KEL. RAWA BUAYA,"03, 11",2,3,0,0,20 S/D 30,TGL. 29,0,0,0,0,0,0,0,0
201810,JAKARTA TIMUR,KEC. JATINEGARA,KEL. KAMPUNG MELAYU,"04, 05",4,21,212,711,30 S/D 80 CM,"TGL. 23, 29",0,0,0,0,0,0,0,0
201810,JAKARTA TIMUR,KEC. JATINEGARA,KEL. BIDARA CINA,"07, 11",2,4,175,290,50 S/D 60 CM,TGL. 29,0,0,0,0,0,0,0,0
201810,JAKARTA TIMUR,KEC. KRAMAT JATI,KEL. CAWANG,"01, 02, 03, 05",4,8,0,0,10 S/D 50 CM,TGL. 29,0,0,0,0,0,0,0,0
201801,JAKARTA BARAT,PENJARINGAN,KAMAL MUARA,"01, 04",2,12,0,0,20 S/D 30 CM,TGL. 02,0,0,0,0,0,0,0,0
201801,JAKARTA UTARA,KALIDERES,KAMAL,"1, 4",2,3,0,0,10 S/D 25 CM,"TGL. 03, 04, 05, 18, 31",0,0,0,0,0,0,0,0
201801,JAKARTA UTARA,GROGOL PETAMBURAN,JELAMBAR BARU,1,1,2,0,0,15 CM,TGL. 03,0,0,0,0,0,0,0,0
201801,JAKARTA UTARA,GROGOL PETAMBURAN,JELAMBAR,7,1,1,0,0,20 CM,TGL. 03,0,0,0,0,0,0,0,0
201801,JAKARTA UTARA,KEMBANGAN,KEMBANGAN UTARA,"3, 4, 5, 6",4,2,0,0,5 S/D 20 CM,TGL. 18,0,0,0,0,0,0,0,0
201801,JAKARTA UTARA,CENGKARENG,KAPUK,"02, 05, 06, 07, 09, 12, 13, 15, 16",9,21,0,0,5 S/D 30 CM,TGL. 18,0,0,0,0,0,0,0,0
201801,JAKARTA UTARA,CENGKARENG,RAWA BUAYA,"01, 02",2,1,0,0,15 S/D 20 CM,TGL. 18,0,0,0,0,0,0,0,0
201801,JAKARTA UTARA,CENGKARENG,CENGKARENG TIMUR,"03, 04, 12, 13",4,12,0,0,10 S/D 40 CM,TGL. 18,0,0,0,0,0,0,0,0
201802,JAKARTA PUSAT,CEMPAKA PUTIH,CEMPAKA PUTIH TIMUR,"05, 07, 08",3,7,0,0,10 S/D 35 CM,"TGL. 15, 16",0,0,0,0,0,0,0,0
201802,JAKARTA PUSAT,KEMAYORAN,SERDANG,"01, 07",2,6,0,0,10 S/D 50 CM,TGL. 15,0,0,0,0,0,0,0,0
201802,JAKARTA UTARA,PENJARINGAN,KAMAL MUARA,"01, 02, 04",3,5,0,0,5 S/D 10 CM,"TGL. 01, 15",0,0,0,0,0,0,0,0
201802,JAKARTA UTARA,PENJARINGAN,PENJARINGAN,"12, 17",2,3,0,0,10 S/D 35 CM,TGL. 15,0,0,0,0,0,0,0,0
201802,JAKARTA UTARA,PENJARINGAN,KAPUK MUARA,1,1,1,0,0,05 S/D 15 CM,TGL. 15,0,0,0,0,0,0,0,0
201802,JAKARTA UTARA,CILINCING,SUKAPURA,"01, 10",2,8,7,30,10 S/D 50 CM,"TGL. 15, 16",0,0,0,0,30,1,0,0
201802,JAKARTA UTARA,KELAPA GADING,PEGANGSAAN DUA,3,1,1,30,100,60 S/D 70 CM,"TGL. 15, 16",0,0,0,0,100,1,0,0
201802,JAKARTA UTARA,KOJA,TUGU SELATAN,4,1,2,38,140,40 CM,"TGL. 15, 16",0,0,0,0,140,1,0,0
201802,JAKARTA BARAT,KALIDERES,TEGAL ALUR,"01, 02, 03, 04, 05, 06, 07, 08, 09, 10, 11, 12, 13, 14, 15, 16",16,143,0,0,20 S/D 30 CM,"TGL, 5, 15, 17",0,0,0,0,0,0,0,0
201802,JAKARTA BARAT,KALIDERES,KAMAL,"01, 02, 03, 04, 05, 06, 07, 08, 09",9,2,0,0,30 S/D 50 CM,TGL. 15,0,0,0,0,0,0,0,0
201802,JAKARTA BARAT,CENGKARENG,KAPUK,"01, 02, 03, 04, 05, 06, 07, 09, 10, 11, 12, 13, 15, 16",14,47,0,0,5 S/D 60 CM,"TGL. 15, 16",0,0,0,0,0,0,0,0
201802,JAKARTA BARAT,CENGKARENG,RAWA BUAYA,"01, 02, 05, 11",4,15,0,0,5 S/D 30 CM,TGL. 15,0,0,0,0,0,0,0,0
201802,JAKARTA BARAT,CENGKARENG,DURI KOSAMBI,4,1,1,0,0,10 S/D 50 CM,"TGL. 15, 16",0,0,0,0,0,0,0,0
201802,JAKARTA BARAT,CENGKARENG,CENGKARENG BARAT,"04, 06, 09, 10, 11, 16",6,13,0,0,10 S/D 80 CM,"TGL. 15, 16",0,0,0,0,0,0,0,0
201802,JAKARTA BARAT,CENGKARENG,CENGKARENG TIMUR,"03, 12, 13, 14, 16",5,39,0,0,10 S/D 80 CM,"TGL. 15, 16",0,0,0,0,0,0,0,0
201802,JAKARTA BARAT,KEMBANGAN,KEMBANGAN UTARA,"04, 10",2,3,0,0,15 S/D 30 CM,TGL. 15,0,0,0,0,0,0,0,0
201802,JAKARTA BARAT,KEBON JERUK,DURI KEPA,"01, 02, 03, 04, 10",5,4,0,0,15 S/D 60 CM,TGL. 15,0,0,0,0,0,0,0,0
201802,JAKARTA BARAT,GROGOL PETAMBURAN,WIJAYA KUSUMA,"03, 16",2,2,0,0,10 S/D 50 CM,"TGL. 15, 16",0,0,0,0,0,0,0,0
201802,JAKARTA BARAT,GROGOL PETAMBURAN,JELAMBAR BARU,1,1,0,0,0,10 S/D 30 CM,"TGL. 15, 16",0,0,0,0,0,0,0,0
201802,JAKARTA BARAT,PALMERAH,JATI PULO,5,1,3,0,0,30 S/D 50 CM,"TGL. 15, 16",0,0,0,0,0,0,0,0
201802,JAKARTA SELATAN,CILANDAK,PONDOK LABU,3,1,1,98,480,40 S/D 50 CM,"TGL. 05, 06",0,0,0,0,0,0,0,0
201802,JAKARTA SELATAN,PANCORAN,PANGADEGAN,"01, 02",2,6,600,2993,10 S/D 300 CM,"TGL. 05, 06, 07, 08, 09",0,0,1,0,3200,7,0,0
201802,JAKARTA SELATAN,PANCORAN,RAWA JATI,"01, 03, 07",3,8,464,1509,10 S/D 250 CM,"TGL. 05, 06, 07",0,0,0,0,2008,8,0,0
201802,JAKARTA SELATAN,PASAR MINGGU,PEJATEN TIMUR,"05, 06, 07, 08",4,10,324,962,30 S/D 200 CM,"TGL. 05, 06, 07, 25, 26",0,0,0,0,1811,6,0,0
201802,JAKARTA SELATAN,TEBET,KEBON BARU,10,1,1,0,0,20 S/D 80 CM,"TGL. 05, 06, 07",0,0,0,0,1278,1,0,0
201802,JAKARTA SELATAN,TEBET,MANGGARAI,"01, 04",2,5,540,2347,30 S/D 200 CM,"TGL. 05, 06, 07",0,0,0,0,2119,3,0,0
201802,JAKARTA SELATAN,TEBET,BUKIT DURI,"10, 11",2,12,0,0,10 S/D 40 CM,TGL. 06,0,0,0,0,0,0,0,0
201802,JAKARTA SELATAN,JAGAKARSA,LENTENG AGUNG,"02, 03, 04, 06, 07",5,0,0,0,50 S/D 200 CM,TGL. 05,0,0,0,0,0,0,0,0
201802,JAKARTA SELATAN,JAGAKARSA,SRENGSENG SAWAH,"01, 02, 05, 06, 07, 08, 12",7,12,113,265,100 S/D 300 CM,"TGL. 05, 06",0,0,0,0,0,0,0,0
201802,JAKARTA SELATAN,MAMPANG PRAPATAN,BANGKA,2,1,1,0,0,30 S/D 40 CM,"TGL. 05, 06",0,0,0,0,0,0,0,0
201802,JAKARTA TIMUR,MATRAMAN,KEBON MANGGIS,"03, 04",2,8,41,414,20 S/D 80 CM,"TGL. 06, 07",0,0,0,0,414,2,0,0
201805,JAKARTA BARAT,KEC. KALIDERES,KEL. KAMAL,1,1,2,0,0,20 CM,TGL. 17,0,0,0,0,0,0,0,0
201805,JAKARTA SELATAN,KEC. PASAR MINGGU,KEL. JATI PADANG,"02, 04, 05, 06, 09",5,10,0,0,10 S/D 40 CM,TGL. 03,0,0,0,0,0,0,0,0
201805,JAKARTA SELATAN,KEC. PASAR MINGGU,KEL. RAGUNAN,"07, 08",2,2,0,0,10 S/D 30 CM,TGL. 03,0,0,0,0,0,0,0,0
201805,JAKARTA SELATAN,KEC. PASAR MINGGU,KEL. CILANDAK TIMUR,"01, 03, 04, 09, 13",5,4,7,20,10 S/D 120 CM,"TGL. 03, 20",0,0,0,0,9,1,0,0
201805,JAKARTA SELATAN,KEC. PASAR MINGGU,KEL. PEJATEN TIMUR,"05, 06, 07, 08",4,5,0,0,10 S/D 50 CM,TGL. 21,0,0,0,0,0,0,0,0
201805,JAKARTA SELATAN,KEC. MAMPANG PRAPATAN,KEL. BANGKA,"01, 02, 03, 04",4,7,20,60,100 S/D 150 CM,TGL. 03,0,0,0,0,60,1,0,0
201805,JAKARTA SELATAN,KEC. PANCORAN,KEL. DUREN TIGA,"01, 02, 05",3,4,0,0,10 S/D 60 CM,TGL. 03,0,0,0,0,0,0,0,0
201805,JAKARTA SELATAN,KEC. PANCORAN,KEL. RAWAJATI,7,1,3,0,0,30 S/D 60 CM,TGL. 21,0,0,0,0,0,0,0,0
201805,JAKARTA SELATAN,KEC. PANCORAN,KEL. PENGADEGAN,1,1,1,0,0,10 S/D 50 CM,TGL. 21,0,0,0,0,0,0,0,0
201805,JAKARTA SELATAN,KEC. CILANDAK,KEL. PONDOK LABU,"01, 02, 03, 07",4,4,0,0,10 S/D 80 CM,TGL. 03,0,0,0,0,0,0,0,0
201805,JAKARTA SELATAN,KEC. CILANDAK,KEL. CIPETE SELATAN,"01, 07",2,2,0,0,20 S/D 40 CM,TGL. 03,0,0,0,0,0,0,0,0
201805,JAKARTA SELATAN,KEC. KEBAYORAN BARU,KEL. PETOGOGAN,2,1,4,0,0,40 CM,TGL. 03,0,0,0,0,0,0,0,0
201805,JAKARTA SELATAN,KEC. TEBET,KEL. KEBON BARU,1,1,1,0,0,10 S/D 20 CM,TGL. 21,0,0,0,0,0,0,0,0
201805,JAKARTA TIMUR,KEC. JATINEGARA,KEL. KAMPUNG MELAYU,"04, 05, 07, 08",4,25,187,636,10 S/D 100 CM,"TGL. 20, 21",0,0,0,0,0,0,0,0
201805,JAKARTA TIMUR,KEC. JATINEGARA,KEL. BIDARA CINA,"07, 11",2,5,0,0,70 S/D 110 CM,TGL. 21,0,0,0,0,0,0,0,0
201805,JAKARTA TIMUR,KEC. KRAMAT JATI,KEL. CAWANG,"01, 02, 03, 05, 08",5,19,0,0,10 S/D 70 CM,"TGL. 20, 21",0,0,0,0,0,0,0,0
201805,JAKARTA TIMUR,KEC. KRAMAT JATI,KEL. CILILITAN,"06, 07",2,3,0,0,10 S/D 30 CM,TGL. 21,0,0,0,0,0,0,0,0
201802,JAKARTA TIMUR,CAKUNG,RAWA TERATE,"04, 05",2,3,0,0,10 S/D 120 CM,"TGL. 03, 05, 06,15, 16, 17",0,0,0,0,0,0,0,0
201802,JAKARTA TIMUR,CAKUNG,CAKUNG BARAT,"03, 07, 08",3,10,18,56,30 S/D 70 CM,"TGL. 15, 16",1,0,0,0,46,1,0,0
201802,JAKARTA TIMUR,CAKUNG,JATINEGARA,"01, 02, 03, 05, 06, 07, 08, 11, 14",9,14,0,0,10 S/D 30 CM,TGL. 15,0,0,0,0,0,0,0,0
201802,JAKARTA TIMUR,JATINEGARA,KAMPUNG MELAYU,"01, 02, 04, 05, 06, 07, 08",8,55,983,3074,10 S/D 220 CM,"TGL. 03, 05, 06, 07, 08, 13, 26",0,0,0,0,1392,10,0,0
201802,JAKARTA TIMUR,JATINEGARA,BIDARA CINA,"03, 05, 06, 07, 11, 12, 14, 15, 16",9,32,876,2642,10 S/D 250 CM,"TGL. 05, 06, 07, 08, 09, 26",0,0,0,0,553,8,0,0
201802,JAKARTA TIMUR,JATINEGARA,CIPINANG MUARA,13,1,3,0,0,10 S/D 120 CM,"TGL. 05, 06",0,0,0,0,0,0,0,0
201802,JAKARTA TIMUR,MAKASAR,CIPINANG MELAYU,"03, 04, 05",3,13,0,0,20 S/D 90 CM,TGL. 05,0,0,0,0,0,0,0,0
201802,JAKARTA TIMUR,MAKASAR,MAKASAR,4,1,2,0,0,20 S/D 50 CM,"TGL. 05, 06",0,0,0,0,0,0,0,0
201802,JAKARTA TIMUR,KRAMAT JATI,CAWANG,"01, 02, 03, 05, 08, 12",6,27,1066,3584,20 S/D 270 CM,"TGL. 05, 06, 07, 26",0,0,0,0,557,4,0,0
201802,JAKARTA TIMUR,KRAMAT JATI,CILILITAN,"05, 06, 07, 15, 16",5,10,251,806,30 S/D 250 CM,"TGL. 05, 06, 07",0,0,0,0,350,3,0,0
201802,JAKARTA TIMUR,KRAMAT JATI,BALE KAMBANG,"01, 02, 05",3,9,18,54,60 S/D 300 CM,"TGL. 05, 06, 07, 08, 09, 10",0,0,0,0,1560,4,0,0
201802,JAKARTA TIMUR,PASAR REBO,GEDONG,3,1,1,0,0,50 S/D 150 CM,"TGL. 05, 06",0,0,0,0,0,0,0,0
201806,JAKARTA SELATAN,KEC. PASAR MINGGU,KEL. PEJATEN TIMUR,"05, 06, 07, 08",4,7,0,0,10 S/D 30 CM,TGL. 25,0,0,0,0,0,0,0,0
201806,JAKARTA SELATAN,KEC. PANCORAN,KEL. PENGADEGAN,1,1,1,0,0,10 S/D 15 CM,TGL. 25,0,0,0,0,0,0,0,0
201806,JAKARTA SELATAN,KEC. KEBAYORAN LAMA,KEL. PONDOK PINANG,5,1,1,0,0,30 S/D 60 CM,TGL. 25,0,0,0,0,0,0,0,0
201806,JAKARTA SELATAN,KEC. KEBAYORAN LAMA,KEL. CIPULIR,10,1,1,0,0,10 S/D 30 CM,TGL. 25,0,0,0,0,0,0,0,0
201806,JAKARTA TIMUR,KEC. JATINEGARA,KEL. KAMPUNG MELAYU,"04, 05, 06, 07, 08",5,27,327,1065,10 S/D 100 CM,"TGL. 24, 25",0,0,0,0,0,0,0,0
201806,JAKARTA TIMUR,KEC. JATINEGARA,KEL. BIDARA CINA,"07, 11",2,8,0,0,50 S/D 75 CM,TGL. 25,0,0,0,0,0,0,0,0
201806,JAKARTA TIMUR,KEC. KRAMAT JATI,KEL. CAWANG,"03, 05, 08",3,3,0,0,10 S/D 20 CM,"TGL. 24, 25",0,0,0,0,0,0,0,0
201806,JAKARTA TIMUR,KEC. KRAMAT JATI,KEL. CILILITAN,7,1,1,1,3,10 S/D 30 CM,TGL. 25,0,0,0,0,0,0,0,0
201803,JAKARTA SELATAN,PANCORAN,RAWAJATI,7,1,4,0,0,30 - 80 CM,TGL. 4,0,0,0,0,0,0,0,0
201803,JAKARTA SELATAN,PASAR MINGGU,PEJATEN TIMUR,"05, 06, 08",3,3,0,0,10 - 50 CM,"TGL. 4, 10",0,0,0,0,0,0,0,0
201803,JAKARTA SELATAN,TEBET,KEBON BARU,10,1,1,0,0,30 CM,TGL. 4,0,0,0,0,0,0,0,0
201803,JAKARTA TIMUR,JATINEGARA,BIDARA CINA,"07, 11",2,3,0,0,10 - 50 CM,"TGL. 4, 10",0,0,0,0,0,0,0,0
201803,JAKARTA TIMUR,JATINEGARA,KAMPUNG MELAYU,"04, 05, 06, 07, 08",5,26,303,1000,10 - 100 CM,"TGL. 4, 10, 13",0,0,0,0,0,0,0,0
201803,JAKARTA TIMUR,KRAMAT JATI,CAWANG,"01, 02, 03, 05, 08",5,0,0,0,10 - 50 CM,"TGL. 4, 10, 13",0,0,0,0,0,0,0,0
201803,JAKARTA TIMUR,KRAMAT JATI,CILILITAN,"06, 07",2,0,0,0,50 - 100 CM,TGL. 4,0,0,0,0,0,0,0,0
201803,JAKARTA TIMUR,MAKASAR,CIPINANG MELAYU,"03, 04",2,9,0,0,10 CM,TGL. 12,0,0,0,0,0,0,0,0
201804,JAKARTA SELATAN,PESANGGRAHAN,ULUJAMI,1,1,1,0,0,20 - 30 CM,TGL. 22,0,0,0,0,0,0,0,0
201804,JAKARTA TIMUR,CAKUNG,JATINEGARA,2,1,1,0,0,50 - 90 CM,TGL. 4,0,0,0,0,0,0,0,0
201804,JAKARTA TIMUR,CAKUNG,PENGGILINGAN,12,1,1,0,0,20 - 30 CM,TGL. 18,0,0,0,0,0,0,0,0
201804,JAKARTA TIMUR,MAKASAR,CIPINANG MELAYU,"3 , 4",2,3,0,0,5 - 10 CM,TGL. 4,0,0,0,0,0,0,0,0
201804,JAKARTA TIMUR,PULOGADUNG,RAWAMANGUN,14,1,1,0,0,20 - 50 CM,TGL. 4,0,0,0,0,0,0,0,0
201804,JAKARTA TIMUR,JATINEGARA,KAMPUNG MELAYU,"04 , 05, 06, 07, 08",5,27,300,988,05 - 60 CM,"TGL. 08, 10 , 17",0,0,0,0,0,0,0,0
201804,JAKARTA TIMUR,JATINEGARA,BIDARA CINA,"5, 7, 11",3,6,0,0,10 - 35 CM,"TGL. 08, 10 , 17",0,0,0,0,0,0,0,0
201804,JAKARTA TIMUR,KRAMAT JATI,CAWANG,"01, 02, 03, 05, 08",5,21,0,0,10 - 60 CM,"TGL. 08, 10 , 17",0,0,0,0,0,0,0,0
201811,JAKARTA UTARA,KEC. PENJARINGAN,KEL. PLUIT,22,1,1,0,0,2 S/D 15 CM,"TGL. 26, 29",0,0,0,0,0,0,0,0
201811,JAKARTA UTARA,KEC. PENJARINGAN,KEL. KAMAL MUARA,4,1,5,0,0,5 S/D 10 CM,"TGL. 26, 27",0,0,0,0,0,0,0,0
201811,JAKARTA BARAT,KEC. KALIDERES,KEL. KAMAL,1,1,2,0,0,5 S/D 30 CM,"TGL. 27, 28, 29",0,0,0,0,0,0,0,0
201811,JAKARTA SELATAN,KEC. KEBAYORAN LAMA,KEL. PONDOK PINANG,5,1,4,0,0,10 S/D 20 CM,TGL. 09,0,0,0,0,0,0,0,0
201811,JAKARTA SELATAN,KEC. PASAR MINGGU,KEL. PEJATEN TIMUR,"05, 06, 08",3,3,0,0,10 S/D 30 CM,TGL. 12,0,0,0,0,0,0,0,0
201811,JAKARTA SELATAN,KEC. PASAR MINGGU,KEL. CILANDAK TIMUR,"03, 09",2,2,0,0,10 S/D 30 CM,TGL. 28,0,0,0,0,0,0,0,0
201811,JAKARTA SELATAN,KEC. CILANDAK,KEL. GANDARIA SELATAN,"05, 07",2,4,0,0,60 S/D 70 CM,TGL. 28,0,0,0,0,0,0,0,0
201811,JAKARTA SELATAN,KEC. PESANGGRAHAN,KEL. ULUJAMI,1,1,1,825,4000,40 S/D 70 CM,TGL. 28,0,0,0,0,0,0,0,0
201811,JAKARTA TIMUR,KEC. MAKASAR,KEL. CIPINANG MELAYU,"03, 04",2,10,560,1858,30 S/D 50 CM,TGL. 11,0,0,0,0,0,0,0,0
201811,JAKARTA TIMUR,KEC. JATINEGARA,KEL. CIPINANG MUARA,13,1,3,60,240,60 S/D 80 CM,TGL. 11,0,0,0,0,0,0,0,0
201811,JAKARTA TIMUR,KEC. JATINEGARA,KEL. KAMPUNG MELAYU,"04, 05, 07, 08",4,25,235,789,10 S/D 100 CM,TGL. 12,0,0,0,0,0,0,0,0
201811,JAKARTA TIMUR,KEC. JATINEGARA,KEL. BIDARA CINA,"07, 11",2,5,168,710,20 S/D 60 CM,TGL. 12,0,0,0,0,0,0,0,0
201811,JAKARTA TIMUR,KEC. CIRACAS,KEL. RAMBUTAN,5,1,1,0,0,10 S/D 30 CM,TGL. 11,0,0,0,0,0,0,0,0
201811,JAKARTA TIMUR,KEC. KRAMAT JATI,KEL. CAWANG,"02, 03, 05, 08",4,2,0,0,10 S/D 50 CM,TGL. 12,0,0,0,0,0,0,0,0
201811,JAKARTA TIMUR,KEC. CAKUNG,KEL. JATINEGARA,8,1,1,0,0,10 S/D 15 CM,TGL. 29,0,0,0,0,0,0,0,0
201811,JAKARTA TIMUR,KEC. CAKUNG,KEL. RAWA TERATE,5,1,1,0,0,5 S/D 20 CM,TGL. 29,0,0,0,0,0,0,0,0
201812,JAKARTA UTARA,KEC. PENJARINGAN,KEL. PLUIT,22,1,1,0,0,5 S/D 10 CM,"TGL. 4, 5, 7",0,0,0,0,0,0,0,0
201812,JAKARTA UTARA,KEC. PENJARINGAN,KEL. KAMAL MUARA,4,1,3,0,0,3 S/D 10 CM,"TGL. 4, 5, 6, 7, 8, 11, 13",0,0,0,0,0,0,0,0
201812,JAKARTA UTARA,KEC. PENJARINGAN,KEL. PENJARINGAN,17,1,0,0,0,5 S/D 10 CM,TGL. 07,0,0,0,0,0,0,0,0
201812,JAKARTA BARAT,KEC. KALIDERES,KEL. KAMAL,1,1,3,0,0,6 S/D 10 CM,"TGL. 4, 5, 6, 11, 12",0,0,0,0,0,0,0,0
201812,JAKARTA BARAT,KEC. CENGKARENG,KEL. RAWA BUAYA,"1, 2, 3, 4, 7, 8, 11",7,12,0,0,15 S/D 60 CM,TGL. 12,0,0,0,0,0,0,0,0
201812,JAKARTA BARAT,KEC. CENGKARENG,KEL. CENGKARENG TIMUR,3,1,1,0,0,20 S/D 30 CM,TGL. 12,0,0,0,0,0,0,0,0
201812,JAKARTA BARAT,KEC. CENGKARENG,KEL. DURI KOSAMBI,"4, 5, 6",3,6,34,77,10 S/D 40 CM,TGL. 12,0,0,0,0,0,0,0,0
201812,JAKARTA BARAT,KEC. KEMBANGAN,KEL. KEMBANGAN UTARA,1,1,1,0,0,50 CM,TGL. 12,0,0,0,0,0,0,0,0
201812,JAKARTA SELATAN,KEC. CILANDAK,KEL. CILANDAK BARAT,"02, 06",2,2,0,0,20 S/D 60 CM,TGL. 4,0,0,0,0,0,0,0,0
201812,JAKARTA SELATAN,KEC. CILANDAK,KEL. PONDOK LABU,7,1,4,0,0,20 S/D 60 CM,TGL. 13,0,0,0,0,0,0,0,0
201812,JAKARTA SELATAN,KEC. PANCORAN,KEL. KALIBATA,9,1,5,0,0,30 CM,TGL. 10,0,0,0,0,0,0,0,0
201812,JAKARTA SELATAN,KEC. PANCORAN,KEL. DUREN TIGA,5,1,1,0,0,70 CM,TGL. 10,0,0,0,0,0,0,0,0
201812,JAKARTA SELATAN,KEC. MAMPANG PRAPATAN,KEL. BANGKA,"02, 03, 04",3,5,0,0,50 S/D 80 CM,"TGL. 10, 13",0,0,0,0,0,0,0,0
201812,JAKARTA SELATAN,KEC. KEBAYORAN BARU,KEL. PETOGOGAN,"1, 2, 3, 5",4,27,0,0,10 S/D 40 CM,"TGL. 10, 12, 13",0,0,0,0,0,0,0,0
201812,JAKARTA SELATAN,KEC. KEBAYORAN BARU,KEL. CIPETE UTARA,6,1,1,0,0,20 S/D 40 CM,TGL. 13,0,0,0,0,0,0,0,0
201812,JAKARTA SELATAN,KEC. PASAR MINGGU,KEL. CILANDAK TIMUR,"1, 3",2,3,0,0,10 S/D 100 CM,TGL. 13,0,0,0,0,0,0,0,0
201812,JAKARTA SELATAN,KEC. KEBAYORAN LAMA,KEL. CIPULIR,10,1,2,0,0,30 S/D 80 CM,TGL. 13,0,0,0,0,0,0,0,0
201812,JAKARTA SELATAN,KEC. PESANGGRAHAN,KEL. ULUJAMI,1,1,8,0,0,20 S/D 40 CM,TGL. 11,0,0,0,0,0,0,0,0
201812,JAKARTA TIMUR,KEC. CAKUNG,KEL. RAWA TERATE,5,1,1,0,0,10 S/D 100 CM,TGL. 3,0,0,0,0,0,0,0,0
201812,JAKARTA TIMUR,KEC. CAKUNG,KEL. CAKUNG TIMUR,9,1,4,210,800,20 CM,TGL. 3,0,0,0,0,0,0,0,0
201812,JAKARTA TIMUR,KEC. MAKASAR,KEL. CIPINANG MELAYU,4,1,1,0,0,10 S/D 30 CM,TGL. 6,0,0,0,0,0,0,0,0
201812,JAKARTA TIMUR,KEC. CIRACAS,KEL. RAMBUTAN,"03, 05",2,4,0,0,10 S/D 50,TGL. 11,0,0,0,0,0,0,0,0
